{"assets/fonts/Anton-Regular.ttf":["assets/fonts/Anton-Regular.ttf"],"assets/fonts/Lato-Bold.ttf":["assets/fonts/Lato-Bold.ttf"],"assets/fonts/Lato-Regular.ttf":["assets/fonts/Lato-Regular.ttf"],"assets/images/log.jpg":["assets/images/log.jpg"],"assets/images/logo.jpg":["assets/images/logo.jpg"],"assets/images/product-placeholder.png":["assets/images/product-placeholder.png"],"assets/images/secure.png":["assets/images/secure.png"],"packages/cupertino_icons/assets/CupertinoIcons.ttf":["packages/cupertino_icons/assets/CupertinoIcons.ttf"]}